Top N by nominal P,Discovery top genes in shared universe,External top genes in shared universe,Overlap,Jaccard,Fisher odds ratio,Fisher P value
100,45,100,1,0.006944444444444444,2.4600550964187327,0.3410672089967482
300,168,298,5,0.010845986984815618,1.0886953244414665,0.49108085480712566
500,296,498,9,0.011464968152866241,0.6460956371176332,0.9310896732062531
1000,593,991,45,0.029239766081871343,0.8091020971898581,0.9235874928956156
